http://banner-block.local/hello-earth/,"Earthh, Space, Nigeria"
http://banner-block.local/hell/,"Earthh, World"
http://banner-block.local/hello-andromeda/,"Earthh, Andromeda, Mendromeda"
http://banner-block.local/kabaddi/,"Earthh, Sun"
http://banner-block.local/cricket/,"Earthh"
http://banner-block.local/hell-yes/,"Earthh, Milky Way"
http://banner-block.local/tenth-post/,"Earthh, Planet"
http://banner-block.local/football/,"Earthh, Exercise"
http://banner-block.local/test-11-4/,"Earthh, Round"
http://banner-block.local/hello-galaxy/,"Earth, Galaxy"
http://banner-block.local/hello-universe/, "Fifa"
http://banner-block.local/hallow-earth/, "Yorker, Off-leg"
http://banner-block.local/test-11-3/, "Fork, Spoon"
http://banner-block.local/test6/, "Salvatore"
